"Y","X1","X2","X3","X4","X5","X6","X7","X8","X9","X10","X11","X12","X13","X14","X15","X16","X17","X18","X19","X20","X21","X22","X23","X24","X25","X26","X27","X28","X29","X30","X31","X32","X33","X34","X35","X36","X37","X38","X39","X40","X41","X42","X43","X44","X45","X46","X47","X48","X49","X50"
-46297.2380964003,1.11343323312422,0.0676112422173728,-0.432026655166415,-0.440023905185982,0.271714176361087,1.32026289640719,-0.327273272118457,-0.10687632772348,1.15785208565838,-1.14900943103034,0.0918108840468968,2.49001711437437,-1.44487690570166,-0.8399599976836,0.305867440072255,-0.138560759764891,-0.784400874722408,0.306487192967397,0.511248470953267,1.90782558512004,-1.46585710835623,0.0313816916024,1.57494176270468,-1.67907592066293,0.403306551677584,-0.799285242650841,-0.134164347994631,-1.03861417041388,-1.59012865834835,-0.351261767887625,-0.850868168844304,0.0980242359408776,-1.86125610073051,0.91231936330487,0.30686689057271,-0.77210296604459,-1.33401187515263,1.08712056170287,0.446076240207118,-0.88521919813206,-0.41878044027703,-1.69775514870082,-1.71474127282876,0.184804293086225,0.389558336208315,0.52191089143634,1.24767364565185,0.0275706356285906,0.794310679915756,-1.17902725985361
11922.7313563122,0.201308094684867,-0.620305889297555,0.114053211099458,0.229128018400039,0.222329133990254,-1.23825819023399,-0.561598723489619,-1.17291228241197,-0.0563447644624956,-0.525820868996654,0.895866442465739,0.169276344841214,-0.661911309773845,-0.549727698052853,1.19852762388506,-0.760508777293944,-0.148334970392538,0.71787188770591,0.0404044784310243,0.931111825615888,0.46021214661673,1.07713373698133,0.238802056891158,0.244366621757392,-0.0355459268006271,0.057830370500052,-1.48917260676111,0.130901372707823,1.57766071553272,-0.706006015932853,-1.94478319676678,-1.38020954618224,-0.951256644823458,0.324649213581171,-1.41352906618614,-1.06193621847025,1.18651651366516,0.449537884465228,-0.278444083763611,1.35425584409324,0.503703496665673,2.48096842642416,0.643295753275817,-0.678017064580106,-0.267753818750187,-2.10006320821901,-1.04444113041951,-1.17545150558664,-1.80577770779651,1.03914436145187
-39915.3276771988,-0.711099788279757,-0.916286983216112,-1.15195536200313,-0.376438229221655,0.102080862675904,0.0967891042272902,-0.656176270305956,0.173831284335403,0.317362898375536,1.17790374102714,0.113397737053729,1.61685662201901,-0.785283541933539,0.552390457039927,-0.476817682268592,1.74380985292927,-1.89785628567864,-0.37897354317041,1.19420926051367,-0.0509643151857024,-0.709326701605879,-0.817835442583712,-0.984062775698215,-0.163044151792395,-0.521109136658439,-0.401749625598933,-0.708338771404603,-1.25076359219007,0.533267212438254,0.281859065944162,1.03852033811175,0.590895283658754,-0.75032305073046,-1.20991304358744,-0.387979268229717,0.270687743348047,-0.188675914294352,-0.567561199405274,-1.89487716788747,0.89257648690507,0.386913162507383,0.772034831782539,-0.933967569157002,-0.614330192859554,1.78727574812814,-0.710263769667003,0.132452877259883,0.444328544195605,-0.983230224010008,-3.03228441146346
-53459.0234834015,1.50543814731595,0.371596764694018,-0.631187677042392,1.78000918611337,-0.241415438213064,1.19903112533571,0.989213046249,-0.422134481524214,-0.527463577982455,-0.673621737612047,1.49662479346517,-0.881425919146387,0.995735738362167,0.652836201190374,-0.781549889403936,-1.02644342756501,-1.53799996884079,0.128602693499704,0.158767426952007,-1.40141288513713,1.40352668349879,-1.24848110590609,0.465961210546084,0.123012974511591,0.287801551746589,1.18362714641197,-1.13944728626492,0.0427055307194693,-1.3188164601505,-1.48597262376183,-0.760468187217281,1.1171390498456,-0.958636627945854,0.437641209663053,0.191457873119801,-1.6576303368411,0.938652420149783,0.227121015444847,-0.301249154074809,-0.643632892720996,-1.92332333068846,-0.531358432017075,1.19241568889916,-0.300173324521357,0.977392811010885,-1.70203428254527,-0.346600267563808,-0.763460910307763,1.10107056909733,-0.662334293026175
-49225.0108445649,0.413802639583613,-0.832353576306701,0.18070737203548,1.08512574875786,-0.295399154098137,0.354751974604085,0.552938356825657,0.915550274038561,-1.49662066516615,-0.0729011496445267,-1.00523547299097,-0.757901974284827,-0.299024346521876,-0.308009154736029,-0.47510622851436,0.578734558397253,0.654960949482509,0.065492104309217,0.109917181845965,-0.369635125193977,-0.518272373833229,-0.0269815438837619,-1.60024451188982,-0.17967616704615,-2.20186082262801,-0.706457908290695,0.0470997937300051,-0.39030977507876,-2.42506569310736,0.822713452874171,0.512789763787765,0.213399037144884,-2.40559989784901,-1.14605816807192,0.307005723568745,-0.386622738274414,-1.60519921733762,-0.860249159864605,-0.562494909124805,0.430553902398196,0.736659665356993,-0.992744941818494,-0.150280710519732,-1.83507681198668,1.71032185198256,-1.52384283144443,0.948479231893557,-0.104878920620814,0.222991319554327,2.03565082593178
40046.2020882254,-0.229289975096066,1.00139233566417,-0.506982010357837,-1.52334784494962,0.249507791399416,0.502935479163694,-0.577974892780507,0.777238811645739,-0.737482977765045,-1.43432469686614,-1.21717080819368,0.224795714811423,-0.0901384807907167,0.303527251185653,0.517535936908786,0.289850481188535,-2.01113191643217,0.205753178249363,2.69826914204589,1.24796619287572,0.520668060388267,1.10560044049769,-0.935215436552426,-0.220237209138899,-1.5754460876939,-0.555772484597898,0.770132163346228,-0.335112693144668,0.479425569601037,-0.0848916680547329,0.618551816861349,1.75193210669664,0.711739775457137,-2.12117153203559,-1.06352228592466,-1.20837160877408,-1.60963664081602,1.40740830425159,0.0439457157704418,-0.126344310214167,-0.142373405640037,-1.07974207014233,1.33093120595076,0.0843481144108905,-0.155149676464157,0.148486186994035,0.10552550412587,0.101600883589358,-0.0841261410533843,0.391842708680645
42146.5592640069,1.52111561713954,1.473142417479,-0.785936188315924,1.17597713187874,0.970602882367101,0.525716639522107,2.21984657039791,0.71238714055201,-1.29831207268105,-0.835162548143127,-1.98830516877288,-0.760400349803497,0.33098570774769,0.105983678450816,0.35776542978385,-1.83882109535064,0.745066800646419,0.0360982518624806,0.925068548172593,1.84510968364748,-0.830012455095408,1.0136251173126,0.776665872386201,0.630026201272291,-0.250937932683939,-1.12921250354363,0.70936926711264,0.407278031866769,0.778927122488749,-2.10093520695178,0.217919471118314,1.90245561014471,1.63927977036889,-0.803341674137891,-0.793278535133914,0.181389516808268,0.328901758222178,-0.759001014551284,-1.82760636495011,1.95235629630231,0.25011835410451,0.300915515820013,0.328655156208211,1.34916392543027,0.692568139884601,-1.79579252894374,-0.726501509852011,-0.146364656339328,0.378214108325241,-1.83036058723896
-34186.5494710521,-0.779533467771591,-1.52522476027342,-0.630912262057042,-1.21457637254084,1.13888868101961,-0.170383692310716,0.987971730672797,-1.26319959959335,-0.558729765300689,-0.662347413312497,2.62460430300767,0.253172063689646,0.499304347186793,-0.912681578153945,-1.0516311426618,1.39929331793312,0.329794263093625,-0.152525677924474,-0.785709443077039,0.665172135679929,-1.93330380325324,0.239940476302392,1.43971182031872,-0.47926780356145,-0.468582729575296,-0.682684993237931,-0.893757912140393,0.6208400172347,-1.12205355959759,-0.310150058322301,0.231196072769199,-0.592741718059587,-0.281319375069043,0.134491921516397,0.307105035068602,-0.61650719562372,0.37302890839727,0.616133078351337,0.408701205716972,-0.987658512945794,-0.534762378203172,1.41681502876884,0.341857552318591,-1.83703612819093,-0.726126148291067,1.29824651865357,1.07042942607572,-1.77231005236855,-1.69358681165562,-0.809108672682164
-27307.1366135225,0.540099097846097,-0.689568933440989,-0.543956529061219,0.117530466660125,-0.89975877563368,0.408133451376697,1.06714711713085,0.981027545731782,0.429844631163606,-0.972924025640629,0.0873380969364005,0.699051409036292,-0.990216177362112,-0.987082763448899,-0.149485225071051,0.0210787198298895,-1.37551449212858,1.2266529653993,1.87960333144938,-1.64645619429936,-0.801685827904869,-1.57433053023729,-0.632711528973341,-0.626118923547006,0.183087990538143,-0.590763714869041,0.359490000693558,-1.10999514087922,1.60398709305087,-0.369363387874538,0.12537147978194,-1.19712717912588,-0.804832850886782,0.586256265050832,-0.944694032322028,-0.256040565864069,0.919077078626313,0.339746551044148,1.69550311297851,0.594379113253007,1.15635383865901,0.667018605382337,1.3360829635875,0.496971646105513,-1.16654719749014,-0.0169223201029204,-1.70748794803287,0.341612284234305,0.697987094494305,1.35959047955121
8595.91426191201,-1.15587515246216,-0.44663900311536,0.32231905222018,0.975185556604848,-0.89365114668951,1.11314769864828,-2.20760169674583,-0.309309577335871,-0.620134643741956,0.548914065490128,1.77315430009482,1.7149071622743,-0.257624163907251,-1.25578385583696,1.03089291002809,-0.00715513520414124,0.249986079954769,-0.28007329560769,3.03276442718953,1.35122087361073,-0.846425157535127,-0.297728134611093,0.129455011019843,0.231075511364413,-1.16835350661638,1.2003642584642,-0.383746709154518,-0.619182614643281,-1.64526458271743,-1.22868358891654,0.47388875584754,-1.92866689146487,-0.715082447937924,-0.192307195659793,0.075370461824142,-1.40245071952811,0.460564984276583,-0.206848176269471,0.99159984818729,-1.69008592947421,2.06664478568971,0.576773303494442,0.437447253905063,-0.366799372787592,0.781945652351688,-0.634830140737117,-0.807916143556456,-0.992144460209419,0.200282075266561,0.251161249003687
16233.1141508017,1.1244092452538,0.648844981366346,0.949846679154978,-0.86313913070245,0.241632998499998,-0.17776848187546,-0.903648645388239,-1.11855824712274,1.32766156747353,1.32314018787811,0.386874937959754,-1.52074386739514,-0.529136116591014,-0.939341917403115,0.65592613319033,-0.808913660266785,2.1768774659917,-0.968131576825079,2.51213218775738,0.283031797782093,1.27655801560114,0.328700858751159,-0.76486185610622,-2.06017604044496,0.484390065469713,-0.943610295807323,0.674193890232681,-0.555710073116323,-0.63711815416835,2.53745426254464,-1.92810631760409,0.289120370955839,-1.36693688058942,1.50692577370843,0.406054339027035,-0.55455613706769,0.18719576436781,0.522672815637993,-1.4916560643957,-0.319623120029046,-0.662772256205635,-0.00891674824666103,-0.222856078021655,-0.397900831374917,0.731853547873159,-1.11074487977098,0.00849483248591722,-0.899162098453323,0.524617782050535,0.810056919650022
12665.9393465446,-0.324524531818478,-0.463669780715388,-0.540437890944118,-0.0660540631176595,0.00618709849970448,-0.988994796881632,-0.099575416451475,1.41381520009269,-0.383460991740905,-0.778778819606416,0.731927364629485,-1.47634699250163,-0.219828854832244,0.267421719835092,2.45937538942266,-2.56171759850888,0.440502134082981,0.724616511195142,0.0630083752145045,0.970284526171927,-0.3466301680647,-1.03495046291427,0.615255013932688,1.3863479931826,-1.56376543908741,0.979026234524883,-0.660139047427716,-1.04006769773769,0.0798328599694324,-0.226377004724971,-0.0935697779106059,1.33742745854592,-1.18714848494191,-0.286036470847641,-0.948618204001566,0.321203651362111,-0.848946379354753,0.592087387776171,0.115916517328633,0.0229654746432199,-0.561020914071472,-0.891835805701329,0.396416526943362,1.26310690814992,1.43424460258973,-0.201122550510829,0.123020148778101,-0.466901355721967,-0.669673946779155,-1.14066105529114
39824.3015762093,0.0375360690799362,0.171420962497138,0.177155023853535,1.47608918852622,-0.808667288586959,1.65261879644235,-0.962256063292157,0.0972495172525545,-0.781053823293487,0.650788941609461,-0.355204551698337,0.14650478166815,-0.60830330274337,0.183301440606493,0.562351462194846,-0.731203285729468,1.63214760621109,0.00925629756495389,-0.566622595602496,-1.71882666184252,-0.59907843099319,1.02522021407092,0.320529342147024,-0.0416327173737184,1.22499072250057,0.225070597309619,-0.316705968346996,0.312205683626851,0.795759795867954,1.4445489066835,1.14188927746641,0.14534332412858,-0.267515267558913,-2.04404752175787,0.182007817344023,-1.20984023001605,0.445273627091273,-1.40821115857359,-0.612559706191439,0.0138756995059369,0.58554491428193,0.404141356678173,0.458401809156709,2.78645637100962,-0.78993659862748,-0.639618780568914,-0.259896063654542,0.390214148313954,2.06485509967903,0.895886197126789
-452.292904147107,-0.305599005898601,0.778112740606573,0.661433255410479,-0.0354803249737721,1.94597861189129,-0.492160084113753,0.545317824136211,0.765006600148093,-0.64543717096133,0.153366458350473,0.515693960105563,0.833964112094383,-0.871290773075871,2.0869956218381,-2.28924853289672,0.550263004580265,-0.817931931531291,-0.527534594100604,1.60599326661815,-0.389832077193667,-0.84599225299525,1.71035978938494,-1.35360701024334,1.0273896824946,0.060878412477155,-0.885923089447872,-0.982818451632501,0.394932521645954,0.752896837703749,0.0362231844091154,-0.326287388775119,0.389739267903785,-1.63783078625301,2.33979077657881,0.819119308307499,0.305697595788635,0.475056796746964,-0.769070996578136,0.629328699790785,0.27264662796728,-0.253807615474652,-1.02669343560653,1.22741758729393,2.00124618631053,-0.210337061195691,1.30195768571112,-1.64704833317494,0.858424304064292,0.0398199869684158,-0.957678762472979
102843.332962757,-0.706169987519806,2.2135970547581,-0.902657039271318,1.25112645425479,1.2777572916539,-0.987757812854065,0.155546893244887,-0.168927999300058,0.807559737229294,-2.23278358495936,0.0834426529706919,-0.0040411677684277,0.249585353242404,-0.96022074578888,0.886296748844303,-0.651456656876742,0.88982596119871,1.36697716730153,-0.232889666040054,-0.0903367079244199,1.02913408832824,2.06823471045373,0.625527037731777,1.35312653792045,2.72964764036607,1.59973399165658,-0.498848381739642,-0.107442230642509,-1.01578979224854,-0.161298570233576,2.24221223977911,0.725496760590607,0.111729077174164,0.74205621413574,0.831092246258555,-0.887718175427287,-0.717599339435445,-0.0802274785688493,0.606297411353304,1.32400116541161,-2.4179155003759,0.964798825536938,1.0003904058682,-1.33060687273215,0.657078002450156,-0.161500984951287,0.180600384951671,-1.8635494469335,1.07750117974985,2.59442556982065
-10577.3276064728,-0.469674879104824,2.5068157346399,0.102892201851713,-0.157626531782784,2.18871238243426,0.314364782291341,-1.14056735901741,-2.25251385531205,0.66265797712043,-0.10716302808204,0.405364892120463,-0.445183844386008,0.342777037711185,-2.53306224835472,-3.01960183615794,0.870568176993233,0.975883514919894,-1.61879439485488,1.14294542329817,-0.534246652596837,0.835540310721314,-0.796392513694603,-1.02644313993235,-0.423864287365857,-0.407248157383512,-1.27552295433286,-0.0220200005359726,0.346900045909742,0.530243921848752,0.424562047622692,0.421227717384016,0.719255054950247,-1.53633882378206,-0.171412961831189,-1.91520267354307,1.89267482326045,-0.881635014833698,-1.07464731243244,-1.33277795810012,0.959306508017935,-0.661539221555632,1.03423225590161,-0.0227861334583929,-0.321523453084437,0.54976934963361,-1.03715900857925,0.751946394998757,0.455906479884649,-0.995814199813585,0.180733754644886
23804.241750876,0.285423399818988,1.65944652891148,0.212695854999063,-0.79998970204845,0.73169945433676,-0.195975015985731,-1.21240516192989,1.50042850707024,-0.228319748218775,0.684661394874458,-0.0876632301437269,0.787512859734698,0.753346453085231,0.305944044827672,-0.0273751186995016,-0.54516605736505,0.347103200786901,-0.121093653727549,-0.0338940239696789,0.0903276940812087,0.968181778596156,0.312915468537093,1.26366847880893,2.52926550857085,1.33989788012256,1.34661587250998,-0.00393576998999322,-0.836613063016179,-2.11522039843407,-1.0519413252483,-0.55356707861616,-0.684229172036358,-0.543315183351527,-1.34588878378632,-1.13403786123695,-0.664439677443573,1.38207922748897,0.22317884464398,0.671868367180914,-1.73673506570099,0.0668675838160991,1.07289028822116,-0.724123450138948,-0.24515501135348,0.4597197899832,-1.17968647814857,-0.725106415301938,0.16711130897463,-2.35012377866566,0.544579112066549
36145.2547326642,-1.60687602147339,-1.15221397780899,-0.485507942245806,-1.0091059342442,4.03889701947555,0.0553482536196041,0.294615645766495,-0.821869164112187,0.102146822116117,1.29726856155243,-0.630721806406002,1.53228626699877,-1.09920066289939,-0.700607702226059,-0.243961696027898,0.961232604812724,-0.332504501414497,1.0825732434531,-1.13868141334302,2.24599965526884,0.0649979207792763,2.73640654489655,0.448616189632863,0.610673353997138,-0.524277231695022,-2.42520099171706,-0.320988306222945,1.15565776483377,-0.0234702101198933,-0.60470288343504,-0.2668271169611,0.675385134121515,-0.735755530388376,1.28542907896159,-0.418486027118189,0.0302401280366181,-1.13721089500117,0.127256356703982,0.740489633513458,0.239300431195878,-0.21934995804124,0.196023048980318,0.911089601127471,0.882052315219721,1.34150164536356,0.067627152738236,-0.575875830686672,1.95117935440577,-0.941741451038563,1.26627243434525
8760.95544908598,-0.309345302623855,-0.0168385225819892,-0.397674043168578,-1.34881832193575,-0.96194619893289,-0.280194290568495,0.0844384060542932,0.141780593273757,1.02617633812531,-1.67253712675528,0.478941463821832,0.0438469451798489,0.970445174740462,0.49305278113724,-0.559665687011953,-1.31405477928176,2.61076989828659,-1.23327271881061,-1.40761773918942,0.448503197090545,-0.215899445583781,-0.558781683293884,0.456180222332758,2.25048690733606,-0.553705182954491,0.914690598854573,-1.84762724772139,-0.10361610568464,-0.794648264605621,1.31252297705327,0.0465530075204763,0.0774296205839829,0.241860636945779,0.62356402596152,2.36489949560394,-1.12383213916897,-1.7242813556228,-0.56097590971573,-0.650535273657334,-1.07928095710558,0.736328437454893,0.40021031237809,1.75754660620282,-0.946349435427436,-0.773400167432482,1.48748551831888,1.75606327946938,-0.142577357677122,-0.0522530096435244,-0.453416534698952
30507.359678211,0.32151630353409,-2.13802933812107,-1.92536543985285,-0.267077069693924,0.150669894421598,-0.597375837804517,0.327922434214924,-0.864778009998737,1.43461671496592,0.582311327285433,-2.00387537322159,-0.0173578732407876,-1.8001484982471,0.799561768281697,-1.01830168236615,-0.883446379018218,-1.42278487600082,1.12158198140902,-1.00424302500408,2.06485734459308,0.514598365757664,0.588619240474137,-1.90290133876397,0.524659059539417,-0.993743927063007,-0.370450761546097,0.157724131897022,0.35210972451595,-0.0695636380446475,0.0245916758428822,2.05704151201335,0.897997901486523,0.598099046351457,-0.973662198367942,1.38474058290724,-0.994064753614116,0.111095737569604,-0.580274889951494,-0.534702994694781,0.097130564287478,-1.8838838791288,1.92010754193628,0.0635706059301461,-0.00924760364895568,-0.951636150861051,1.1785663927142,-0.395155283297279,-1.80866724747818,0.804822211050593,-0.109672945749455
-18757.3750372804,0.686161923884467,-1.02877845642229,-0.489563007704476,0.504898468902106,-0.933593309576594,-0.911154357212021,1.15411399897368,-1.17061023050189,-0.870564489412001,0.671576745848364,2.38110231271574,-0.134387848706273,-0.901243678841428,1.43596519279653,0.347836657361948,0.80292447626335,0.501727245789282,0.267646859624178,1.57212706269302,-0.178702760637205,-1.5497445195629,-1.24549038431884,0.496556634743887,0.663025008662633,1.01297017537479,-1.24393087173406,1.19024180656688,-0.0449398983212122,-2.34742850919647,-0.64685956308677,0.253896937512193,1.52374474275757,-1.2399376765533,-1.6659347027548,1.81109369102282,-0.141417682927166,0.583851451640358,0.0130512847861129,-0.68595741457952,-0.85034555388217,-1.45256141452964,-1.06865748565364,0.518411825438313,-0.578966835713032,-0.155448242282513,0.304448783802233,-0.467168941857776,0.927322699334929,-0.312296287571323,-0.746881048574504
-33065.2528070249,-0.093013336321703,0.194646087965397,-0.300161605211854,0.861864322669673,-1.5914783408973,0.198363726552695,2.4939974285243,1.19355698823915,0.609057735940673,0.0240556980118249,0.137220349247773,0.404425453844195,-0.552282374363948,0.319593891082119,-0.0357778490390469,-1.53487630645439,1.14027925316503,-0.0210461190581917,-0.0487161069905108,-0.447921938261398,0.196580268689656,-2.16300222584305,0.0247432963692909,0.479055073379367,-0.456350294781211,0.836697410701859,0.800874670462226,0.340246228761405,-1.47006080299402,-0.299333237725003,-1.84522537535408,0.290816766058321,-0.641968967652014,-0.991870916571894,-1.82598880110149,-0.0998544763863569,-0.0252481465208497,-0.405513895507069,-0.328249841484214,-0.320433092123602,0.974013772481496,0.784655053705516,0.464649506743386,0.0032320792084436,0.310462729082447,0.0321876266728894,0.356688556092257,1.57216680263917,-2.83437154283933,0.558541447223713
25460.3243651421,0.321688202867364,-0.887140002662329,0.244735159555692,-0.345126658313191,-0.525640315849856,-0.915944368321873,1.74214950751597,-0.126063597005719,-0.128178020897279,-0.146213945740941,1.00831003594264,0.929286021593189,0.643857974152753,0.496399080905387,0.611892750743114,0.597753606468997,0.643819721676713,0.481706706220432,-0.321580192339326,0.457088246776071,-0.574052286335942,-0.339194885384338,-1.14667056901191,0.799082956480063,0.3135016216071,-0.128327651731109,-0.232201460677159,-0.81958414461286,2.11266466126273,0.687000451421396,0.593678552274473,0.180215411848093,-0.431470351505268,-0.309068846535299,-2.71433627538299,1.41860734343434,-0.581737250047619,-0.812221769784183,-1.76177323017512,0.750840941576922,0.436174820097053,0.767405384602879,-0.990309258827541,0.0654060132891049,1.14598145173738,-1.46757813821584,-1.0290426915747,0.240451125164257,-0.321163860251037,1.28743948807277
-11758.1835499405,0.927552536725406,0.881046467678012,0.888335218539317,0.931382223878355,-0.0083795128590207,-0.86550842121282,-1.6130475496181,-0.741802882444019,-0.925493050746915,-1.67444179274928,-0.491036644713389,-0.381159365748476,-0.0095815256516702,0.254938027176234,1.35850905364088,-0.0171288478186646,0.87432829267231,-0.411019480943067,-0.341483339202117,0.583599845019159,1.36647293828342,0.842933895400813,-0.760359603059655,-0.0103813476360995,-0.452418374168181,0.566937456627997,-0.149653714810232,1.75714841647634,-2.2564164967984,-0.396874121708429,-2.02109423833706,-0.0321279510866302,-0.917023487153039,0.465003801663459,-0.124754463369082,0.285305804398213,1.32761302637985,-0.655034347642993,-0.737130534586441,-0.507788082027511,-1.2828223735103,0.480401821002955,-0.134665994300702,0.827533971075129,0.524214726726161,-0.859748235376129,2.14334864181006,1.8374910702516,0.0870314304654479,0.736891864772048
-26874.160468424,-1.55195984376169,-1.46891181907176,-0.672235166715201,-0.154725213895105,0.629427184522031,-0.222818812203424,0.0351380862847775,-2.14028267193605,0.955919346075433,0.496172989660276,0.996627065181006,0.280689499203363,0.980265614288891,-0.856221503913783,1.0102713871351,-0.39551946092137,0.241908072466049,-0.351349488206968,-0.652791368207492,0.155995293183921,-0.680842766613565,-0.840551043811608,0.202200399667372,0.0478882017169679,-0.157586327363173,-0.0354280639109983,0.959526511463549,-0.388272449053911,-0.616957014322864,-0.273489630927265,-0.0703696775189625,0.733918092144938,0.107927401629486,0.0786250590306862,-1.62533793022454,-1.2611557704386,0.341871337844005,-0.300148022191757,-2.11793165835727,-0.814900048326307,0.728400645369094,-0.417886418361443,-1.12013403920992,-0.778718823506044,-0.41044562379407,0.115340889880348,1.40915876390067,-0.462362494328988,0.885718629913214,0.408781009850594
-34141.3803884896,-1.04370295981626,-1.66269479349415,3.27206762440558,1.58568957794147,2.699789887332,1.2436665910662,-0.734823688932289,-0.228073068892165,1.51077910868108,0.122187605726292,0.158795922446703,-0.27638207449647,-0.713429273897408,0.944884710477561,-0.184523754232704,-1.81415644071913,-0.360686832581616,-0.751844199878531,0.132933841077487,-1.16057300873735,-0.0549353407207865,-0.367922592643166,1.38299162118956,-0.397718525174704,0.425412637185847,-0.0741669062567969,-2.1125010369954,-0.0723475729873296,-0.640561267470888,-0.214991638361995,1.17832842939628,-0.104900063610714,-1.62436043290689,1.33326655537225,-1.97273881259794,-1.33943989155949,-0.191070020627138,-2.31673086610076,1.08863551276557,0.0367194814349379,-0.0479283157178771,0.0155038435972495,-0.457901558251437,0.367248491474851,0.55298927867242,-1.28645255059995,0.208231775771324,0.544934183546831,0.816025841215263,-0.509138520576219
-37051.6951123973,0.850645042120159,1.08454816059079,-0.685704704379106,0.192206426619847,-0.281925395252354,0.871699753541534,0.373352861595464,-0.0150804865411396,1.24062064214788,-0.0154290080324348,0.651792652772911,0.337389889618164,1.14155723969277,1.20068142139428,-0.0771161269273027,0.494867535656758,-0.758237436256551,1.45383780410797,-0.884686853362462,0.793330257389613,1.58052807349768,-1.29990867266731,-1.48755984748789,-0.504134395496888,-0.986806531637698,0.547723677029841,-1.23095782216797,0.180414580049126,0.0792105192991202,-2.41427680999977,0.440362070018666,-1.14499005079383,-0.276187967131244,-0.408621566920857,1.3291573811414,-0.0837130012303222,0.603162241506754,0.0281724141743382,-0.242487310223465,-0.71099141412013,0.37721956248867,0.522751710286248,0.0205542774125571,1.54560596972682,-0.0329916493458428,-0.518391445530524,-0.522922570824427,-0.460941526309831,0.638519961339761,1.41853949994829
-25097.7335316597,0.139325921585726,1.53049884869297,0.206528563041887,0.85321768040304,-2.18616884938244,-0.778952002035523,-0.715930574637826,0.86237962631318,0.0893322035304064,1.71975966642914,0.537348194249785,-0.858062776847871,3.17779304917802,-1.78074890861451,0.310363053950565,-0.208836577644168,-0.724553005526755,-0.104232314587566,-0.206636245430801,-0.137713830578771,1.55399980078969,0.845003650412182,-1.94450096181525,-2.34582168117298,3.31246807608578,-1.83099810174617,1.33801403327454,0.818158767419906,0.66475849173919,-1.24034021210362,-0.508883811960274,0.825007896531068,1.36354354188919,0.803652334255951,0.749757390209663,0.821535013380134,0.0405206943377273,-0.0482474444546426,0.865885328158068,-0.096929794684638,0.223567833064058,1.02563412857348,-2.04266503186645,-0.253156467898964,1.27884590548206,0.653332263382768,-1.13681117716488,-1.12652141086617,0.400324944632251,-0.59469601658006
-18521.3505731217,-1.26852841489127,-1.29234552019094,-0.756663698225766,-0.776198078903275,0.886871518056755,1.17830029230031,-0.454565649077915,-0.366974130185345,-0.214922058599561,-0.661148181524981,-1.59226654392368,-0.146445130437512,-0.607327829572742,-1.16288006555737,0.00872026220586648,-1.00129658162505,0.329507760724337,-1.39685372825962,0.669295608925728,1.03897645139729,-1.16082690590165,1.43302617895539,0.81663507003417,-0.82859243556402,-1.31841817555451,1.79334828179899,-1.46987033535846,-1.74589082938184,-0.0313701990571088,-0.615034506674659,0.509397533535447,-1.32383412557321,-1.51878833968558,-0.472611445017467,0.0449565069273891,0.156486075269275,-0.0468802203559716,-1.03115197689232,1.7857819995079,-0.667521292629194,-0.361798231629894,0.0180094122774193,-0.615638198096707,-0.737689389633489,1.33211633365179,-0.378808191375182,0.232486038758197,-1.49517389005097,-0.021010228990915,-0.338119791814177
-1117.6793793788,-0.168897035960958,-0.718834325658584,0.357504812724313,0.698268638854504,-0.877829869758579,1.84582956788085,-1.22416824729033,0.388086635088371,-1.0787655490711,-0.634280481242138,0.774201766457389,0.439604666000195,-0.825276029782875,0.230090552303112,-0.683278431407426,1.66913170273064,-0.0947680136238447,0.808494671924422,-0.370260564275871,1.7577354521801,0.858639894422712,-1.42951678686516,-0.121801281310618,-0.817716041047971,0.778208306183727,0.47216047314992,-1.68989071643205,-0.940532294472104,0.425633136248556,0.357531128324177,0.515878506195756,-0.919234976681303,-2.0064528668463,0.925773532208695,0.181059913486385,-1.82631265951414,-0.407709921125522,-0.0175494484638769,0.336066594579128,-0.700696033617016,-0.211660858458497,-0.263056215110681,-0.876490991222925,-0.470764297637645,0.327589527423995,1.21526123045726,-0.125499487786484,1.48783157350834,0.43606485855556,1.69159138508043
34586.5510560258,-0.994152067526954,2.35860611871064,-0.462392055424832,-0.972494197010796,0.211895881542459,-0.557675259274453,-1.29151563537917,0.561497319246093,-0.536968974772075,1.17736883524107,-0.582704931721871,-0.0412658864421197,0.848508036507497,1.03129501351592,0.0610717947272202,0.543442276264107,1.05599160799443,0.740709986461145,0.713577832069071,-0.153974409062621,0.622095127344067,0.969766275288758,0.274025219282667,0.521305836924557,2.05521450355725,-0.603029350280702,1.13539325850413,-2.28183329725522,0.158715610992647,-0.228549667385028,-0.321284281333999,1.22712707659116,1.98661872546048,-1.7196963042001,-0.493261598506622,-1.08410487866481,1.4657335963435,-1.93933044641222,0.426502125971608,-1.26841467068984,1.96496584642002,0.741728796953484,0.568638997973743,-0.836006697324615,-0.421408487418643,0.191887648791951,-1.5226543217444,-0.129085456352719,0.836035870234132,-0.837310902136966
28774.2969120791,0.130982106241237,-0.0930252454182144,0.213424305690745,-0.124662397372507,0.635557070559429,0.364093795779998,-0.43455566085095,0.573679179810263,0.00451114176556608,1.67595672687267,1.85091942564333,0.613241472750043,-3.01855833399102,1.06900556194115,0.015849043244681,-0.191552063996435,-0.407528402045725,0.237424751363051,-0.226634410142226,0.207846857388282,0.628486328982669,-1.10780419181687,1.67108973591436,-2.0931874771691,1.48522485735402,1.29666041629358,2.04630769199191,-0.143764013308548,-0.229543254132652,0.832619448770589,-0.00183462092873069,-1.13332120193768,-1.1807328188169,0.688669406757192,-0.619038879253108,1.58070234600294,-2.06516786526629,0.366563599643752,0.0999499971991328,1.26648935271004,0.124735999745783,-2.14746610988459,0.6233024756592,0.346603811758104,1.0218830986566,-0.843744882967258,-1.20143259250188,-1.35920133373045,-0.512378706253505,1.14727369432608
31577.2904075923,-0.691662346023763,-0.702370326046333,0.80850148588132,0.900958367447713,0.487888199822001,0.105795147168726,-0.0400979861245959,2.97507598459811,-0.471761250474841,-0.827259061942069,-1.58864180476298,-0.399173711333776,1.06063267407808,-0.509759112591367,0.755233379226124,1.01664001479486,1.07392876020385,2.06576695954982,-0.817137366851126,0.483639770627319,0.55878551907762,0.413109054527867,-0.181155767683382,0.982915861922861,-0.362254018120656,0.476378925707566,1.48822060380096,-1.73718999608638,0.375351523806683,-0.885225620387812,-1.00100382698162,-1.35208550874559,-1.94478851671912,0.939636952961242,-1.07033546166575,0.706508280537662,0.824850646711682,-3.10713413297829,1.51378874425612,-0.0248872283027729,1.29272179863771,1.87964903920129,-0.851256638984812,-0.445214533888538,-1.25561331254356,0.946283335298669,1.10747364118346,1.08765655621503,0.0941936136438616,-0.03425913366619
-53480.9381018588,0.749993452214454,0.446989957999233,-0.206965515324163,-0.426021674925313,-1.44418352103537,0.0895628571942318,-0.910622321642578,1.04646382809632,1.16457305577233,0.593546852687017,-1.55466282086621,-1.57295001773361,0.647085034791982,-0.176021256247126,-0.716392370238202,1.04512861456352,-0.250374674223813,-0.358486248515052,-0.473732720584542,-0.397328005195459,-0.496124345637876,-2.58027571912677,1.60921341881817,-0.691210214232644,-0.313029558810444,0.0205689446327586,0.586944781844941,-0.91292662233276,-0.909867610231396,0.0507497984932594,-0.0466815642562064,-0.0589626598202676,2.55439618187517,-1.1568326109211,-1.32684569101426,-0.981376190835624,-0.27697206717499,1.75002136682695,0.625407014262239,-0.228940497532373,-0.128500348639597,0.451056823576967,0.655696927829347,0.425618690975236,-1.19699236312918,-0.579958248419045,-0.0778112424543502,0.670632100188609,-0.515427766479096,-0.336511843359635
-9623.57400980872,-0.390104207135939,-0.398379300701594,1.63686802361246,1.57913648452949,-1.15856655305686,-0.590516236546171,-0.0284995380555074,-1.76486621469083,-0.162885575143839,0.877988179772171,1.58377890474279,-0.208501793803695,1.93237164286205,1.57508913303281,0.272957406334555,1.08722443250141,-0.984023684020457,0.800558437193825,0.221300094163835,0.151593861004436,-1.06837816286018,-1.34887040834771,-0.191533937298444,-0.0697288320829391,-0.24882537079874,1.73826770365666,0.569465873660653,1.24524132967561,-2.2716198728993,0.168183718074504,0.355901697032667,0.0971645892881528,-1.8108452583446,-0.0138448729676671,-0.858482841089775,0.752110252398982,0.921972505119032,0.238412724249136,-0.0137979627239724,-0.0733127988864726,-0.0645925511141938,0.920568717454805,1.0004340421112,-1.08465950599467,-0.593347322032072,-1.47763154765689,0.402888502582994,-1.22151993846352,-1.30852934266601,-0.362468012164506
-11876.1622290648,0.173117289594009,0.170961344616378,1.10381681510531,-1.5627863934348,1.91665872102373,-0.640373156103299,-0.239247088125548,0.812414973601043,-0.42697762856937,-0.999028285723784,-0.0369191528953838,-0.566618789490457,0.182564483910468,0.0323180273206503,1.24777198218865,0.949801102167426,-0.511295849967934,0.708736695096443,-1.57983713198581,0.690626384331558,-0.327502388738899,-0.67524389116526,-0.72318893629463,1.54742017947094,0.311274319220041,0.379335897993969,0.471654295387294,-0.378003115444963,-1.28716594507696,-1.06734879836724,1.36749741211374,0.744804782624912,1.03001019921664,-0.0891136790402553,-1.27046815420221,0.586525652483453,-0.981016954387594,0.215484609478537,1.08557375373091,0.304369700855973,1.34685997090245,-0.531045544344757,-0.678975875700654,0.571165156459469,-0.283278717178365,-0.639499227366588,-1.41358583976218,0.209816607557335,0.410296520558312,0.261259120674196
27242.2264193776,-0.190787708283974,-0.542952966493606,-1.32593295875743,1.72697264342162,-0.354196463691808,0.187947838290431,0.374978963291469,0.20302558841016,-0.966612939457486,1.66035815163919,-0.0731434848494093,-0.575589883180264,-0.722179160334373,1.4853174155667,0.106477254367259,1.09616060275492,-0.584047265992312,1.20385749257772,-0.712118803197865,0.213749521834585,-0.767308344504719,-0.718869304555935,0.00371523104855078,1.64371542473984,0.204314727977011,-0.889610395284349,0.509593063625463,1.09720059254608,-0.791935210639377,0.741188546096191,1.07072842601732,-2.34784924286871,1.47046705738142,-1.1267462133905,0.565217862851981,-0.645002356596398,-1.53750455437303,-1.11193305973263,-0.726421387525659,0.762584530154979,1.14068371036606,0.0405120894686417,1.01263541116501,0.641457745697857,0.469683724235874,-1.36045024392407,0.86650064196761,-0.983405823665161,-0.82929073745625,0.137449956725217
-17730.1530432359,0.707258945853335,-0.815372162071338,-0.279822252469002,-1.12679024165658,1.31416610993284,1.85816094676978,-0.224801616351989,0.188000866585241,-0.815068707463926,-0.236554438963847,0.516557607478392,0.192075845636469,-0.201391552754171,1.14822409846701,0.200747213379631,0.803282193771947,1.69954511557124,-0.0610096278866666,-0.9020833908112,-0.799812776077079,0.140222547306722,0.191355335194132,0.796459582126173,-0.742072909598933,-0.696458764360155,-1.09688424997642,-0.186750054639066,0.645315058773859,0.917464477332972,-0.963372859013399,-0.850401120952988,0.174383504904404,-1.3396047444772,-2.017730585824,0.16010912398956,-1.31792050446739,-0.742005140272073,-0.867433171836098,-0.450002616517073,-1.10969447211016,-1.2830408778345,0.445696633546888,-0.375567753580999,-0.986235138066552,2.06543526777004,1.27099668105619,0.136141875915803,-0.945600373462706,-1.03904001513689,-0.0735398458638359
-7525.94489297189,-2.23834976936191,0.998682869251465,0.651412257896691,0.618914079086542,-2.01760356659691,-0.710482582473834,-0.0812603956493082,0.493514076473336,0.31935694453579,-0.14983956521167,0.456436788484547,-1.09903327317398,-1.0846639049546,-1.44350193972799,1.42739678202083,0.236051321237376,1.49783000051149,-0.282306225392261,-0.0280830271174829,0.748549144465856,1.19192146348594,-0.55697365522057,-0.654339394122229,-1.10459754978577,1.19404534914559,0.838051080380293,0.384707881959027,-0.550667117303258,-1.31659544424202,0.824659138756249,-1.29843405976093,-0.207392373555065,-1.0804111385532,0.697654685344946,-2.02013839179124,0.201603712017373,-1.26510056723982,-0.346192980028741,-0.503442330327809,0.83724448356063,1.48393634716273,-0.489952997957109,-1.51337703413805,1.09947039075381,-1.06678731672838,-0.625776315907052,-1.13725401008413,0.0205359947434283,0.529861982800215,-0.0858560905037037
32713.092704533,-0.905053202700617,1.2921211476313,-0.466055593137973,0.137950416583301,2.41836515992886,1.15348994995371,0.13101605073062,0.853747481591216,-0.432189414386435,0.420583948175204,0.703672017470887,0.911411915514576,-0.314474977768722,0.59676100266975,-0.931078626965247,-1.06723913809518,-0.00550775597334622,-0.487920637484362,0.41822812948329,-0.973403553151334,-1.15014632539705,0.987838754143121,0.125477105233289,-1.48300368485563,3.56811772079468,1.26928179863653,0.779338545574728,0.830280835887546,1.12254695382702,-0.161097153776584,1.00938281362311,-1.51971323365125,0.231501308984928,-1.8413254029979,-0.18261148654986,-0.300399499587183,1.11370028207929,-1.0857071527348,-0.166635181785828,-0.219428150000794,0.334234019711026,-0.584881945922836,-1.09513791714839,-1.12154777863198,-1.13860338907826,-0.92220398588875,1.10882632383928,-0.0189335134813249,0.291485859428265,0.36329919943527
49647.6203731866,-0.65379966356555,1.70395981620805,-0.8236473765888,-2.24178647853787,-0.476762026692159,-0.0592453802687777,-0.168524939976565,-0.408322251605961,-0.707105601623461,-1.12868094683937,-0.509931705563124,-0.494961872026569,-0.174620390123385,1.64869318072034,-0.0712125666378851,-1.26508432628954,1.11203469782548,0.826400536005308,-0.183630374983491,-0.402112509493109,-0.427179447998214,0.718309892320825,0.802397049330945,0.293602605507184,-0.676060603763988,3.40011189565103,-0.968786959520284,0.111187483301491,-1.47170526475491,1.62699913507858,0.397884065752755,-0.844777460910952,-1.18084181187197,-0.734705341444499,1.57667856794416,-0.554917737746306,-0.730463485320137,-0.396125451780051,1.39665935275748,-1.67935102531188,1.30012776279352,-0.902044347318907,0.703753280809457,0.00916937853867816,-1.56922039279879,-0.186381093213078,-0.173680923421836,-0.140531989542598,0.504283964422082,-1.66330639289981
-42904.8883664088,-0.982941019603932,-0.460335076253924,0.43828306306014,-1.44975949505646,-2.22968087504079,1.92011105197892,-0.968918246754945,0.599745750537725,0.313424789244162,0.316500624176813,-0.350861312390564,-0.0738210634761093,-1.66977957036314,0.508964383637633,1.51464799979737,-0.208891742777254,0.616623802802373,0.0314917382568311,-1.59393012462497,-1.76112301885126,-0.415416281861291,0.617731592749203,0.480084578980423,-1.50261911020953,0.65268572088923,1.18986819450411,-1.65095084953903,0.756457940006489,0.584519947569116,-0.682889016117592,-0.426468881603307,0.332790872171902,1.69021805385094,-0.529482481308268,-0.363875193987724,-0.467161282233722,0.558249640141892,0.0194315396748183,2.30433002951716,2.01757910587296,0.15765405329092,0.506636528545307,0.372671749898385,-2.05785298954964,0.398189212706533,1.38373367982115,0.96377464891064,-1.29424777199409,-1.89911454056692,-1.62170759318091
45274.458493583,1.33197038071472,0.621532992571331,-1.23398785127033,-0.497097269970058,-0.648164924578928,0.966110121604159,0.425393405692912,-1.85877150751985,0.932941440763035,0.541162528231759,-1.25408829825159,-0.0933229122659288,-1.89003176162802,0.121980281169693,0.259091212735118,0.814137071686434,1.05209030859576,0.733157109240584,-1.00309127736917,1.52040052480423,0.158466484010341,0.66486536322494,-0.911317333374322,1.02973698893555,0.107782465847605,0.113170588800024,-0.78263412162619,0.211947824143229,1.38048631888992,0.92788654652982,-0.569722931392304,-1.85299705518569,-0.0895565219630097,1.63460932250881,1.00350082583263,1.33224533287706,0.900958299135368,-0.0785149687489088,0.915401279132224,1.88872356797471,0.670734189897087,-0.887347140928707,1.76645179375984,-1.20040123763377,-1.37486172883732,-0.842875978504577,0.0955178102097517,0.176412459746871,1.6255551318388,-1.00570744546797
-40172.4146480155,1.41079057159903,1.74967729149989,-1.13410115011079,-1.68704389101596,1.2685955628621,0.986785491836471,1.74642299254246,-0.860732385037109,-0.391174586124276,0.209559762416463,-0.153017719291724,-1.37197131522061,0.190074801575449,-0.783414901709936,1.19100242821677,-0.196084599992613,0.292128333452036,-0.283346032095832,0.374804067960588,1.12501016016792,-1.66223305899234,0.572656858550599,-0.0510811243096524,0.334745936486785,-0.0805901986730174,0.493198689898779,-0.686735629062209,-1.4504956912913,0.54422048411073,-1.92779878295013,-1.13331901042651,-1.60380640824465,-0.818377777828697,-0.560899973551151,0.547277743831209,0.453894250817464,-1.49592813068686,-0.0835713977874,0.94760605618307,0.0703178255827643,-0.118698982884879,-1.02412040854417,-1.15908767584964,0.456315713354761,-0.677970529054343,-0.560107577042816,-0.749523921776761,1.39616801226387,1.12387566954831,-0.291775081890532
-14997.0697297425,0.544625472331089,0.06746876067765,-0.0653764515288202,-0.785113104407366,-0.318927416157022,0.682017685645497,-1.56902972715468,-1.20944870522128,0.702769337558959,0.890075745105897,0.440759617036723,0.70403735449428,-1.7145366360597,1.47307411198438,0.272152806757185,0.558595814934009,-0.273146514981985,-1.00230302887392,1.59230288201598,-0.380447872888884,-0.903762534919932,-0.650366598097023,-0.249674020771107,1.57039780747405,-1.20477217148523,-0.217022979124843,0.26732222264658,-1.44188987587719,-0.278381787456536,1.97604328183305,-1.18018618491881,0.911533812071239,-0.927882360190181,-2.07295015187859,-0.85065796874056,1.46746849850477,0.947898975404704,0.409709677834077,-0.271831399817982,-0.033590058332561,-0.735870742599783,0.166965916058554,-0.191767203682538,-0.530306393986393,0.301878638268966,0.849590944237743,0.475286070483939,0.631525677199827,0.221423084279953,1.77663275883806
42645.8587682389,-0.147021567780544,-1.22750199298387,-0.704571086393844,-0.547077791973431,-0.580868498030409,-0.431058198412443,-0.377869755740394,-0.868941895019334,0.238208064097246,-0.143814796017629,-0.81488403433912,-0.535377440332665,-0.477504129338644,0.403836450892569,0.77602675006974,-0.890814790776856,0.673176847638063,-0.286375133986261,1.15318238056586,1.2142726688573,-1.61793299239821,-0.174295656345572,0.5187730689972,-1.1086418452898,-0.0394634302002982,1.25610504601702,0.45244663183219,0.254442996326824,-0.114457262949937,1.09486276830971,1.27126810149557,-0.799096527773133,1.39981353379451,0.112378406307108,-0.333155134203726,1.33498675512049,1.72814233432178,-1.26159798351775,1.76092238248187,0.209999068059274,-0.279718840052624,-0.713296827582128,-0.139553154995773,-1.78459637610513,-0.908623280522406,-0.503892927445629,1.74909559047001,-0.202755002515276,0.830393206730912,1.51384258238502
-32753.076239089,-0.245850137549652,-0.850533844378677,-0.0617726094192403,2.16666954950275,0.407295311945723,0.732932818759467,0.599611678421957,-1.11714660693773,-1.30870469307212,-0.682022128188482,-0.274195786082011,0.965870712501848,-1.49870178904758,-1.13110007847808,0.0424349584895241,1.42322889469328,-0.620946168755096,0.282646194853113,-0.728540873661011,0.49737465700332,-0.631032464055583,2.59881490487149,-0.881635017961294,-0.536795998403924,0.88706581071352,-1.87330854160759,-1.36994430898312,-0.157989235106033,1.66893886457364,-1.26035884692189,-0.764005736729158,3.0257195698218,0.910381023078404,-0.434776316471723,-1.00904933286062,0.104782198665634,1.10075742106762,-0.190449441374429,2.12051068717025,-0.834780668862855,2.10337860811813,1.49317068647557,2.41511326643331,-0.378884556601261,0.423065398340441,-1.39968064042585,-0.874717917986101,1.52160058175373,-0.242001056718172,0.344086888967228
10982.3988542982,0.431624542452527,1.52311459410527,-1.00465633768207,-2.19350324476383,0.625473718112224,-0.628974736464668,-0.965285692591321,-1.20325729650393,0.885829306453137,-0.720458076638682,-0.945232546166362,-1.8734189431148,0.520088119328753,0.672357647596073,0.794848647822937,0.422445924798236,2.12311996488041,-1.35249640972995,0.639240643212073,0.545937367678914,-0.979435012314649,0.416958327248235,-1.37698738066131,-0.654929099775066,1.05892277561436,-0.639251253509064,-0.636532407890255,0.40257034338529,0.80200503060852,0.952959528844727,0.877197604375728,0.297603926849852,-0.00970522528176516,-2.08499944031829,-0.161162231602313,-0.0102878000097253,0.0231860630864971,1.4208897733893,0.650594560354794,0.0947974378235522,1.35882874841506,-0.0282262124196294,0.609915649465378,0.346649747708,0.72925680090634,-1.03071412671123,-0.54766289032036,0.145554780608469,-0.0603401576164091,-1.16935727991339
44165.0136410433,-0.320748535609088,-0.126050826875009,-0.0782239456634439,1.36708926669165,-1.10488547999115,0.922654806362393,-1.17064174132043,-0.440815735978221,-0.620467708504081,-0.842406511359168,1.52523863783726,-1.27227786860663,-0.29132483125221,0.0934588727768352,0.0150146412215025,-0.543359732010887,1.05976383753599,0.567670824123498,-0.808272540878975,-0.00850843571467592,1.53249987719663,-0.207939025985208,0.63088815557111,-0.143808394052392,-1.44470276445105,0.819353025246408,0.768164652889849,0.623094739833659,1.79107123292653,-1.84306546573971,0.0975843175605909,-1.97252956783956,-0.957919818471475,-0.277083402512439,1.37125120730559,0.457299478698114,1.78084875668003,0.313963039976408,0.207087330671435,0.186478675754325,-0.527326278363362,0.457230345367556,-1.3308586127549,-0.00380349425110791,-0.848445649156969,0.508367346988805,0.211878905665685,0.934921178681768,0.104866789837995,-0.0379824158328549
-76001.1477406878,0.796426552060949,1.18741683616647,-0.414671299573077,-0.430031463086346,-0.823973400644746,2.4275203643241,1.68443045312678,-0.314631328643288,0.397679484363375,-0.350415911546938,-0.598737090536046,1.16223950097711,-0.803138954166075,0.869897255662015,-0.831430629368115,-0.924102585877359,-0.467255646934735,-0.0451124943264132,0.676807003248684,-0.0195648238227596,0.00154853010630573,-0.575273282006339,-0.997262551363751,-0.241456848214295,-0.753728241663886,-1.05728050272998,-1.21629948041201,-1.82294141137085,-1.39617261435499,-1.03659216002526,0.757303639554051,0.0551530076481049,0.383281912513205,0.998709034363988,0.844836215313003,-0.168128411079596,-0.407849883996324,-1.94092076655641,1.52977263987873,-0.182234525423407,0.683044216060196,0.267025002741681,0.875140960745345,-1.76586165424982,1.5483355248851,1.8815395418592,1.44577851479839,2.22524803145581,-0.682624833517559,0.935265895644817
35712.8755692194,-0.0377019597455808,-1.24124528834452,0.741406758753326,-0.214775588060679,0.728413854096819,-1.15184270312968,-0.11601144977809,-2.08215996211491,-0.513446694103911,-1.21201276033549,-0.389968041620017,0.911591378107869,-0.20341280344401,-1.84349593472898,0.683793858969941,0.323116330646652,0.735801745861827,0.350979468154342,0.110015115176164,-0.70542043578634,0.702711438327072,-0.173079011152608,1.45858178964908,-1.20367020930318,-0.0277264829433336,1.79274993676338,-0.125079468246285,0.337891418776118,-0.203037783271467,-0.770360021551588,1.49177925211979,-1.31131173462981,2.53476419333168,0.353599844120897,0.591682060393885,0.282650725315648,-1.27448813684791,0.248643948584661,1.00033098399064,-1.97125421014755,-0.654972256156344,-1.35234382840775,-0.187276202948602,1.24475902948243,-0.908351247774203,0.824286003872312,-1.33046619975153,1.24961024102344,0.160870758968111,0.125642264057269
-49059.7760171333,0.784850913570621,1.17973223529906,-0.549116131891901,0.902068054028819,-0.922932405195522,-0.4101261436556,-0.396690836343419,0.550711728581091,0.997467353890474,-0.428817796975751,2.91241633449823,-0.266734045863907,-0.437494965382128,0.418755853134663,0.261628378361886,1.61542375113033,1.83647984161247,-1.61077564165785,1.1119354980896,0.272972283191551,0.105595276998496,-1.77953213108729,0.317299186871536,-0.123840914337959,0.456563645127122,-1.28676092832801,-0.371156478038024,-2.17259391430285,1.48590788282994,-0.749435090528618,-1.5826876554604,-0.458689929845012,1.06984671951835,0.754475788699492,0.629422567626047,0.256609955366531,0.266842795719272,2.37220940319002,0.239017619035234,-0.189633858136998,-1.16507874229035,0.426827374440174,-0.112998208337581,2.03012071037701,-0.317378130409943,-0.110448562029051,-2.03864100667655,0.710547804158121,-0.72328523786283,0.755821450648119
39752.3498589471,-0.730026388554919,0.0527875936205084,-0.347764940515922,0.516803799721888,1.35510205613844,-1.68700258133224,-0.735653703795549,-1.12665965831382,-1.20645727046383,-1.05836680556546,-0.727805837516526,2.21569358305825,1.34337333668072,-0.520899148141544,0.819637108921201,0.765998624521042,1.17079712852095,-0.725480720513264,0.672661519225756,1.36691662232452,-0.0431484083484824,0.880776532953599,0.539623484270396,0.719921816764019,-0.0698608905647393,-0.36693841594775,-0.170526268589775,-0.250738987683408,0.934583546117234,-1.57832174625928,0.77543397484707,0.59830638375742,1.74079756314834,-0.24585360314049,-0.0895463673456239,0.221125567969804,0.376797890353949,0.492654387191346,-0.315753788281442,0.701645583309436,0.716932892739119,-0.655168435752985,-2.0332930675964,-0.29064203149294,-0.703507583568808,0.393974645806957,0.776696439610948,0.957335410897255,-0.254704310808878,2.74578563562383
-13174.1891046227,0.846986006297356,-0.919443877593722,1.73859456437333,1.43248897937214,1.30202020772818,-0.231394154123502,0.304429853270426,-2.10396635847224,2.11363121862745,-0.417094062732852,-0.695033068058931,0.676081133950996,-0.520756231332622,-0.33842524287289,0.509768061364707,2.31017476777727,0.563505816178548,-0.146048999723343,0.1676650032111,1.54306637387873,0.586945466726074,1.8014901579757,0.359273447298042,0.423843971101266,-2.01107129821863,-0.69478931304854,-1.45475481359737,-1.70516406007515,0.558403495707781,-1.90972374532321,-0.664394184741785,-1.48987836110064,-0.883030259322775,0.442010570707443,-0.806791914451655,-1.06995766868215,1.95545571651438,1.2293945527188,0.422758401501338,0.176291068380692,-0.359265824057035,-0.454295928950051,0.392284251810363,-0.229015682898157,2.06731493056884,-1.04538606054984,-0.0774487295823653,-0.210194760891798,0.909613679269392,-1.45875044778332
-68843.7667369258,0.525628585891252,1.22320178418114,-0.316197685873053,1.61694933718449,-0.290209704735311,0.245668837253773,0.306933431222598,-1.26990769288607,-0.182399059028179,0.756796145493848,-1.25998222103522,-0.992065210864938,2.81401137775539,0.219660031442633,0.823872506985785,0.749782918334319,-1.09996298396556,-1.29997620412988,0.242164888470324,-1.21321453255373,-1.70747354549131,0.415265611185532,-1.71833880829503,-0.26500520911546,1.25880581993643,0.466018448593754,0.149791547584016,1.94602750353602,-2.35021231009764,0.279387768902944,-0.676155439248258,-0.708271714948786,2.29686170319611,-0.0588689414250832,0.74104289083961,1.07394769895985,-0.368720162433446,0.60102204965283,1.53589300272046,-0.76931396484715,-0.618030935388445,-0.148784261859548,0.172872823830004,-0.330085833150603,-0.950509453998601,0.349755377686836,0.258462924620922,0.949551509840855,-0.952931195086912,-0.190456349251177
-15852.8178276667,-0.247485699321107,0.291462417794172,-2.36930230715114,0.0616297516297304,-0.950016695094203,-0.883241124407999,0.323682332721219,-0.0867422425099905,-1.01271448931446,-3.37464524876405,-0.836286123873989,-0.10086325016057,-0.647415373782026,0.163708542670798,0.324823840439624,0.21338062565026,0.714428500596448,-0.166816658694662,1.24390145534392,1.11841566464117,-0.944154735590162,0.358187253488534,-0.570686878204496,-0.604832517461283,-1.8372325157504,-1.52819777418541,-1.78912829307565,0.027853080202938,0.00769985458354802,-0.305399036292244,1.26627127222011,-0.429078200473567,-2.48596715091177,0.69613024239701,-0.354764735341836,-0.615103135083,2.26241768996259,-1.44966363134199,-0.882144330645872,0.242333976035372,0.425937228862129,0.646774085129922,0.353168905744905,0.191544288676928,0.53555708662443,-1.67064565253391,-1.29959706273103,-1.37770798493306,1.01796108432299,0.726110768671012
28945.2522495677,-0.335908196618987,-0.447717588921451,0.421025639337001,1.46755377120467,0.475623782561919,1.82673935643801,0.384330135973501,-0.737347578177664,-0.875903255656291,-1.54327072946347,0.955097510802722,0.610595684602469,-0.0905838819361412,-1.30901810833966,-1.15949788487523,2.13580665778175,-1.25638142055039,1.09688732673418,-0.308349071982755,0.555130682430379,0.586536484397933,1.21446590001658,0.661685723550013,-0.785556240428597,-0.0230687558726083,-0.362890942050065,-0.00844170295949178,-0.0586818335895784,-1.01330116128304,2.12646784433348,0.0973630745569027,-1.49278201850001,-2.77967081080434,-0.921495627032382,-0.00183367635518284,-0.538070631634659,0.935104406419564,1.00102781954568,-0.327587077631948,-0.229092207502196,-0.360946565802787,0.0938046476519392,-1.80004929021397,-0.542378459397407,0.619864358162214,0.778257677805967,1.49890183870469,-1.25832628623253,1.60849548568114,0.0400820400930054
4343.76324895758,1.28285795798586,-0.196083808758165,-0.247743822637764,-0.573836634437042,0.840929664576795,-2.38454784520153,-0.160727478069882,0.00824678023371974,0.93631414170664,-1.64415986228935,0.216425359460694,0.652835827271707,-0.453160440792224,0.12831982436462,0.388410483000017,-0.303132039758928,-0.889257164133169,-0.23852833428521,1.15459590080012,1.0825377396357,1.61989097653078,-1.162558660005,-0.717305188258779,-0.0746514730981036,0.411983739129262,0.922119635903748,0.538721302902781,0.890131244225189,0.240967249379685,-1.06919121941101,-1.96060333669002,0.228686029863744,-2.72956824643266,0.206073958103117,1.71178421840258,-1.34332013197346,0.373842690635605,0.360220784705062,1.05730453092734,1.30379142884645,0.760407603059937,-1.68315273691262,0.217108348627875,-0.14113997638486,0.190335563820289,1.86334295378726,-0.178120399573181,2.17383112515891,0.203643055475596,-0.766057446557753
-59082.8590597214,-0.449639170724456,-0.331651076746411,-0.179332097625122,1.1955367289655,-0.311395543639559,-0.8127463296953,2.04112890923484,0.552204177805606,-0.849981761675776,1.0658404040264,-0.178705666091817,0.0781613056393963,0.149747675462569,-1.1289761046722,0.905198309413667,-0.411898629762948,1.78336656917965,-0.979953498934524,-0.430916005389819,0.78694594005779,-1.14128627512803,-0.567928708837591,-0.490407744746418,-0.521792498689725,0.274413218364279,-0.51194390321374,-1.0765218997823,-0.2205005804444,-1.26739227860391,0.5480501360296,-0.938157782131379,-0.369481467819354,-0.84113383588929,0.691989126831036,0.449866684350955,2.28176097595385,1.61896648482001,0.465207969773026,0.179090240770521,0.327863999677521,2.39560454700674,0.784979843220644,-1.82724278916966,1.14717296957698,-0.364524329035009,0.754821354377771,0.00594096011435552,-0.0867967006653228,-0.587154774544153,0.333225938742143
47309.1248313193,-0.282881810955513,0.486845499494348,-0.394738142250146,-0.306878946125376,0.0571872995046787,0.257506873694503,0.459078193600457,-0.221681687142192,-1.29790714100355,0.414912277064766,-1.06138794337397,-2.22674364581975,1.30624593458228,0.894737561558663,-0.201503548664782,-0.626112216460348,0.769959217100438,-0.266428923668151,1.23628025344907,1.00204709469648,1.59990929607033,1.38848159602592,-0.188645162914325,-1.03122866921125,0.631725704066269,0.037049046055802,0.253110370564254,1.2787969431783,-0.69476722402852,-0.304930269255381,-0.491581630372472,-1.08904184997819,1.55515651079258,0.0515317289412062,2.13016999028722,0.651055241508449,-1.37105098173782,1.52008814137278,-0.843676999805555,0.873166874364895,-1.72076285879244,1.15070883453571,0.543238520833627,-0.512449352208066,1.56596869131234,-0.500793428474202,0.0558300019189879,0.43448643690258,0.30442141540914,0.32989726518022
40855.153415562,-0.276536617291256,0.619450078396079,-0.536133378687269,2.18067294569524,-0.30463432481307,-0.728279634624967,-0.747043558608676,1.24469284232594,-1.61158297726658,-0.931809147344084,1.54061859084333,0.208226738303198,-0.687580908934184,-0.583540471418309,-0.693448951241443,0.781178182279325,-1.5876965988445,0.788635024199931,-1.25434715430977,1.67956838063325,-0.175729529871829,-0.730965214006226,0.74128328458416,0.931808388182705,0.778686724310445,-1.02030313037336,-0.733986231282992,1.90385148395709,1.93185744627206,-0.0574116441150333,0.635954246580341,1.77514693493943,0.773817967698979,0.477307936964596,0.228213451397142,-0.178990539482083,-0.623231754652533,0.643833413986102,1.54838300829943,1.7453346350345,0.134396256773565,0.995501100789418,-1.47067307034352,0.514427592650708,0.48761531428036,-0.930335428309454,-0.276331325364988,-0.217938601175732,0.179134851622915,-0.718015874291679
14093.6138525628,0.20179987202576,1.46794329724746,0.470875081129611,0.185600245314387,0.117922376751078,-0.669395475917108,0.509828440951411,-1.31913656620126,0.683271736345805,1.16095074639034,-0.600624146943448,0.5263526129167,0.179719919867695,1.50306935372322,0.188512433595544,1.45782331936795,-0.562596724044467,-0.300027568242465,-0.108233145199109,0.767572969120039,0.151414676747261,-0.474294915969841,0.399417660793875,1.49508722635037,1.52022047557039,-0.301910613931955,-1.30136664963983,0.0389854206203195,1.9418427942545,-0.811042992617696,-0.353344574754628,-0.250184833015738,-0.824325630554978,-0.669957549066598,0.286003605186312,0.293793826706799,-0.0146566521947105,-0.428049759896437,1.55213236862645,1.04369414734984,0.526406366722011,-1.01759159957288,0.481096099676226,0.163021739847037,-0.282488299540831,0.641023776415634,-0.999265026477345,1.08621524588116,-2.27940862158953,0.781628329873184
-85418.0192248166,0.19458945169421,0.387111950189728,-1.6243951197124,1.8659817461346,0.440455509017978,-1.05439200687262,-0.00883876151348384,0.523013209392653,0.555003712114992,-0.651711920553403,-0.767296040230369,-0.24991565360176,0.0152327977564248,-1.11191048688271,-0.354983388389904,-0.763891314231377,-1.18087651910123,-2.05857375875976,-0.4997446342263,-0.110585778319405,-0.196854354660142,-0.209329230616541,-0.509454503665057,-1.28422116548935,-0.686081048758774,0.453537011296693,-0.806754433751692,-0.152713167491598,-1.03766912896731,0.769030186799939,-0.778909066451808,0.143356734094808,-0.251993360932359,-0.740072185881504,1.18756417195313,-0.347849700398692,-0.732547767642979,-1.08342395788685,0.554686326685993,-1.75527856608953,1.90778393383843,2.15630060447816,-1.27128886102336,0.0462409302851305,-0.957980360695464,-0.0619096553339962,0.911955363018598,0.735848036023267,-0.418278911388479,0.450084162492556
10556.583789674,-0.488548652928498,-0.0997786326720085,-1.02086805390226,-0.63872405141465,0.267051623849683,-0.123904333026237,1.07051777516468,-0.807973351479451,1.28750308587701,-0.917886966313284,0.922187578143269,0.0838452670885307,1.2138233808464,1.45425394347444,-1.9090902965665,-0.105680166788232,2.32261956635791,-0.736071253996938,-0.855959635083779,-0.195599290015921,-0.432847138141022,-0.955146627596851,0.259922917044227,-0.0879488352124091,0.859766116007374,0.415536015196096,0.829320832951505,-0.583765872836914,0.387710854718362,0.355870321326364,0.679860964390227,1.32692516203714,-0.217862502328248,-0.28687577806339,0.118494608209015,-0.648019166697399,1.29742963344575,0.997331852551982,-0.584707695374052,-0.297049734173883,-1.80709838949029,0.0782055203250359,-1.08646751072277,-1.32095826847024,1.88017291707813,0.754105122030401,-0.610341582417034,-0.850075916066019,-0.373471497568409,-0.888947505109179
-16998.7368063859,0.163826194658184,-0.413533642244403,0.548231975836554,-0.359865749869944,0.181988636663398,0.565122446226881,-0.177636779020898,-0.560786796693866,-0.890854969026246,-0.0279218741161778,-2.13235061037565,-0.362431666513429,-0.664597054458733,0.587248704763066,-1.00454271137093,1.49211485206419,-1.06941358659397,0.117869088815952,-0.884398395897373,0.323641925532105,-1.03617775461065,-0.60960594457544,0.821296248511193,-0.0321914455083907,0.62709961777517,-0.330019757320583,0.61449372849257,-2.07490314618245,0.234611119065155,0.695265962145342,1.19091640030261,-0.375641263648414,-2.06594495904037,1.42246226382224,-0.0530448483895889,1.38032225795225,0.970310544525161,-0.286909783694498,0.617130379872073,0.260131490714742,1.21638703072708,-0.994718355676344,0.950601469873873,-0.788093954388579,-2.47864002793966,-0.73754079325056,1.12145202057397,-0.612575745923093,-0.321605247238611,0.703483714639398
14383.2636785734,-0.339823688154188,1.18287304884052,-1.0210312816271,-0.0259968104321082,0.362755865906379,1.27022417953102,-1.60200525256869,0.270105067127211,1.48857510055471,0.632564557052616,2.60456466550565,-1.17380132135629,-0.63616525584424,1.66691277170764,1.22946398278807,-0.452968269918694,0.574260053415529,-0.457927938904002,-0.0915453341229238,0.242376505134013,-0.288303352692719,0.3657022706851,-1.7311293012018,-0.141660710742105,0.524717607156998,-0.305948484994781,0.59458083208251,0.0758358996854739,1.45235451979306,0.143361356522835,0.743416555972792,0.022268190365112,0.807733534880593,0.28758329440697,0.739187035419897,0.441518612341094,-0.630762156761256,-0.319938251993846,-0.0931979087487614,-0.554492691987662,2.10612772107984,0.607417311033718,0.91866591423003,-1.5163664481939,1.02302894422389,0.464630169071941,-0.67946360824736,1.78919087514212,-2.18437012932742,-0.505357794026359
31211.2112747406,0.526264638330859,-0.363028255424742,0.910619466209635,-0.158999185289261,-0.362568299224952,0.163559684123281,-1.01411578488211,-0.702676010504927,-0.403222163876343,1.50172226870136,0.589244058505335,-0.284926198632163,-1.92083987813338,-0.496352562563625,0.296145162374089,0.0232972434820937,-1.6354916209233,-0.548155684011471,1.00705678835196,-0.953454007709395,1.25898889515174,-0.264875091865011,0.528154303798363,0.907127502390014,0.813326156575408,0.998867753014914,-0.0644251913839576,0.819645087842745,-1.42171441393691,0.985153835309788,0.756673925467155,1.08228268624644,-0.483229885818863,-0.021792969390752,-0.326262477453439,0.446770784014712,-2.00499323702042,0.6218861787691,1.20776110523271,1.91579078811937,-0.305462024544776,0.0317225938962258,0.0114674895672226,1.10904038301667,2.12948192065151,0.564028352817286,0.450028796405742,-0.659205866291326,0.731559601272535,-0.102227162995588
6155.98063837201,-1.54195876556494,-0.665388337327598,0.195164447843064,1.44833619378667,-1.03036826806265,0.834211359926419,-0.620274236767017,-1.3006249055396,-0.426143672370439,0.993423156074446,0.846001421172746,0.718018518426003,-0.418441375325602,-0.187311669708755,-1.34185794981971,-0.418226575674367,0.289117156530535,-0.00310767914581457,-1.22642548419128,0.504718590737362,0.845960734480125,0.927035127927918,1.46331818430162,-0.383534093487658,-0.386932204700689,1.0040256128431,-0.438865502682872,-1.0419613940905,0.378739753415296,-1.88681387948887,0.628268691720375,0.741013592184307,-0.218742517637279,-0.68012302060629,-1.7215184345825,-0.160874301405305,-1.13719296489383,-0.891601149006865,2.08658190621353,0.141308667048781,0.901420924735519,0.952156045639354,0.816916613334406,1.25616926886253,1.7988433218546,0.452305091791639,-0.577645652504417,-2.11414179876925,1.90031827640263,-0.126392696766544
-8703.15656967769,0.507787812234845,-0.52211130002455,-0.1907565968945,-0.227649061139794,-2.75529849711696,-1.47263116356067,0.0262442216847216,-0.902864249591684,-0.572646046871893,0.925374887055013,0.931807791229766,1.75446473871709,-0.907769519814593,-0.548204574895605,-0.651676934151089,0.926868056682966,0.312928569656768,2.00707542993657,-0.180269886498592,-0.258401382136029,-2.02660049789526,-1.58206302124051,0.636123487910969,1.31896406353554,-0.230162381892344,-0.346261888944515,-1.37397248623535,0.346396621769165,-0.0898621019374549,-0.0368418375737532,0.238279991500909,0.0420666136229068,0.54971365198554,-0.999371001818702,0.53157779618138,-0.0436354502167608,-0.0627332708045366,0.901969597027978,-0.401283688447328,-0.515263666647026,0.0839918261213833,-0.372868586141494,-0.175924545517004,-0.960466726170527,-0.438813889599056,1.38107919900235,-0.504570673589991,-0.976271704774388,-0.715052763920562,-1.45611425751459
-8825.74256690582,-0.443851100497939,0.872000166370728,-0.989566316812015,1.73220096511699,-0.194051877110709,-1.44605106987059,0.306613077556566,-0.641993528708154,-0.285524633338637,1.18994689696803,0.273061938860237,-0.293807482992194,0.538816806582276,0.996926101520305,-0.0885955363994534,0.720083880880553,0.230939838447989,0.639648154276184,0.662279481471418,0.0226247480336876,-2.86685146072489,0.0492177526454005,0.493156056710319,-1.62955559799388,-0.286907833843281,0.0747491967662313,-0.797407799857934,0.769386298394094,0.837889925814027,-0.860282986043806,1.63472270224314,-0.399807395029491,0.121304337374582,-0.565514406702829,1.22396650904857,-1.69988298812274,-0.305334319920765,0.234204393956146,-0.236363654913057,1.00004511184434,-0.682212327511761,0.57317779402244,-0.43931020309231,-0.681176686228476,-0.33806265798611,-1.0740798908514,1.41486869475919,0.835368193251198,-0.22965390280857,1.4416101104344
